{"assets/fonts/ARCADECLASSIC.TTF":["assets/fonts/ARCADECLASSIC.TTF"],"assets/fonts/BLKCHCRY.TTF":["assets/fonts/BLKCHCRY.TTF"],"packages/cupertino_icons/assets/CupertinoIcons.ttf":["packages/cupertino_icons/assets/CupertinoIcons.ttf"],"assets/fonts/cherrybomb.otf":["assets/fonts/cherrybomb.otf"],"assets/defimage.png":["assets/defimage.png"],"assets/fonts/elfboyclassic.ttf":["assets/fonts/elfboyclassic.ttf"],"packages/font_awesome_flutter/lib/fonts/fa-brands-400.ttf":["packages/font_awesome_flutter/lib/fonts/fa-brands-400.ttf"],"packages/font_awesome_flutter/lib/fonts/fa-regular-400.ttf":["packages/font_awesome_flutter/lib/fonts/fa-regular-400.ttf"],"packages/font_awesome_flutter/lib/fonts/fa-solid-900.ttf":["packages/font_awesome_flutter/lib/fonts/fa-solid-900.ttf"],"files.zip":["files.zip"],"assets/fonts/gameover.ttf":["assets/fonts/gameover.ttf"],"assets/fonts/garamond.ttf":["assets/fonts/garamond.ttf"],"assets/fonts/heycomic.ttf":["assets/fonts/heycomic.ttf"],"assets/logo.png":["assets/logo.png"],"assets/fonts/minecraft.ttf":["assets/fonts/minecraft.ttf"],"assets/fonts/neuropol%20x%20rg.ttf":["assets/fonts/neuropol%20x%20rg.ttf"],"assets/fonts/njnaruto.ttf":["assets/fonts/njnaruto.ttf"],"assets/fonts/pricedown%20bl.ttf":["assets/fonts/pricedown%20bl.ttf"],"assets/fonts/pusab.otf":["assets/fonts/pusab.otf"],"assets/fonts/typewriter.ttf":["assets/fonts/typewriter.ttf"],"assets/fonts/yoster.ttf":["assets/fonts/yoster.ttf"],"assets/fonts/zorque.ttf":["assets/fonts/zorque.ttf"]}