[{"family":"MaterialIcons","fonts":[{"asset":"fonts/MaterialIcons-Regular.otf"}]},{"family":"arcadeclassic","fonts":[{"asset":"assets/fonts/ARCADECLASSIC.TTF"}]},{"family":"neuropol","fonts":[{"asset":"assets/fonts/neuropol%20x%20rg.ttf"}]},{"family":"yoster","fonts":[{"asset":"assets/fonts/yoster.ttf"}]},{"family":"zorque","fonts":[{"asset":"assets/fonts/zorque.ttf"}]},{"family":"blkchcry","fonts":[{"asset":"assets/fonts/BLKCHCRY.TTF"}]},{"family":"njnaruto","fonts":[{"asset":"assets/fonts/njnaruto.ttf"}]},{"family":"pricedownbl","fonts":[{"asset":"assets/fonts/pricedown%20bl.ttf"}]},{"family":"garamond","fonts":[{"asset":"assets/fonts/garamond.ttf"}]},{"family":"heycomic","fonts":[{"asset":"assets/fonts/heycomic.ttf"}]},{"family":"typewriter","fonts":[{"asset":"assets/fonts/typewriter.ttf"}]},{"family":"minecraft","fonts":[{"asset":"assets/fonts/minecraft.ttf"}]},{"family":"pusab","fonts":[{"asset":"assets/fonts/pusab.otf"}]},{"family":"elfboyclassic","fonts":[{"asset":"assets/fonts/elfboyclassic.ttf"}]},{"family":"cherrybomb","fonts":[{"asset":"assets/fonts/cherrybomb.otf"}]},{"family":"gameover","fonts":[{"asset":"assets/fonts/gameover.ttf"}]},{"family":"packages/cupertino_icons/CupertinoIcons","fonts":[{"asset":"packages/cupertino_icons/assets/CupertinoIcons.ttf"}]},{"family":"packages/font_awesome_flutter/FontAwesomeBrands","fonts":[{"weight":400,"asset":"packages/font_awesome_flutter/lib/fonts/fa-brands-400.ttf"}]},{"family":"packages/font_awesome_flutter/FontAwesomeRegular","fonts":[{"weight":400,"asset":"packages/font_awesome_flutter/lib/fonts/fa-regular-400.ttf"}]},{"family":"packages/font_awesome_flutter/FontAwesomeSolid","fonts":[{"weight":900,"asset":"packages/font_awesome_flutter/lib/fonts/fa-solid-900.ttf"}]}]